<?xml version="1.0" encoding="UTF-8"?>
<metadata modelVersion="1.1.0">
  <groupId>CryptocalcWeb</groupId>
  <artifactId>CryptocalcWeb</artifactId>
  <version>0.0.1-SNAPSHOT</version>
  <versioning>
    <snapshot>
      <localCopy>true</localCopy>
    </snapshot>
    <lastUpdated>20160414132126</lastUpdated>
    <snapshotVersions>
      <snapshotVersion>
        <extension>war</extension>
        <value>0.0.1-SNAPSHOT</value>
        <updated>20160414132126</updated>
      </snapshotVersion>
      <snapshotVersion>
        <extension>pom</extension>
        <value>0.0.1-SNAPSHOT</value>
        <updated>20160414132126</updated>
      </snapshotVersion>
    </snapshotVersions>
  </versioning>
</metadata>
